{
    "control_variables": {
        "control_number": "cm_aos_control_3",
        "dag_name": "dag_dpf__cm_aos_3",
        "run_date": "2025-08-10",
        "tag": ""
    },
    "sql_jobs": [
        {
            "spark_job_name":"dpf_sql_executor",
            "job_name": "cm_aos_3_preprocess_3_1",
            "queue": "1",
            "queries": [
                {
                    "query_name": "cm_aos_3_preprocess_3_1",
                    "query_description": "",
                    "order_of_execution": 1,
                    "src_query_file_path": "dag_dpf__cm_aos_3/sql_queries/cm_aos_3_preprocess_3_1.sql",
                    "tgt_owner": "ds_dashboard",
                    "tgt_table": "cm_aos_3_preprocess_3_1",
                    "tgt_strategy": "Partition_Overwrite",
                    "query_config": {
                        "no_of_past_days": 30
                    }
                }
            ],
            "spark_submit_config":{
                            "executorCores": 1,
                            "executorMemory": "4G",
                            "driverCores": 2,
                            "driverMemory": "4G"
                        }
        },
        {
            "spark_job_name":"dpf_sql_executor",
            "job_name": "cm_aos_3_anomaly_3_1",
            "queue": "2",
            "queries": [
                {
                    "query_name": "cm_aos_3_anomaly_3_1",
                    "query_description": "",
                    "order_of_execution": 1,
                    "src_query_file_path": "dag_dpf__cm_aos_3/sql_queries/cm_aos_3_anomaly_3_1.sql",
                    "tgt_owner": "ds_dashboard",
                    "tgt_table": "cm_aos_3_anomaly_3_1",
                    "tgt_strategy": "Partition_Overwrite",
                    "query_config":{
                        "no_of_past_days": "NA",
                        "preprocess_table": "cm_aos_3_preprocess_3_1",
                        "anomaly_table": "cm_aos_3_anomaly_3_1"
                    }
                },
                {
                    "query_name": "cm_aos_3_report_3_1",
                    "query_description": "",
                    "order_of_execution": 2,
                    "src_query_file_path": "dag_dpf__cm_aos_3/sql_queries/cm_aos_3_report_3_1.sql",
                    "tgt_owner": "ds_dashboard",
                    "tgt_table": "cm_aos_3_report_3_1",
                    "tgt_strategy": "Partition_Overwrite",
                    "query_config":{
                        "no_of_past_days": "NA"
                    }
                }
            ],
            "spark_submit_config":{
                            "executorCores": 1,
                            "executorMemory": "4G",
                            "driverCores": 2,
                            "driverMemory": "4G"
                        }
        }
    ],
    "normal_email_reports":[
        {
            "spark_job_name": "dpf_email_sender",
			"job_name": "Report_Mail1",
            "queue":"1",
            "job_description": "Sending anomalies in the email body",
            "mail_type": "Type-1",
            "mail_type_description": "Mail with tabulation in body only ",
            "mail_body_src_table": "ds_dashboard.cm_aos_3_report_3_1",
			"mail_attachment_sheets":[],
            "mail_template_path": "email_template/email_template.html",
            "subject": "DC-AOS-03 Framework: Account closures without customer request",
            "to_email": "Sanjana.Krishnan@adib.com;Thaanish.Kurumadaki@adib.com;Karthikeyan.Nethaji@adib.com",
            "cc_email": "Maadhusri.Ulaganathan@adib.com;Smrithi.Sundar@adib.com",
            "department": "AOS",
            "sub_unit": "AOS",
            "criticality": "Low",
            "mail_description": "The below listed accounts do not have entry either in Ethix or BPM system for account closure requests. This defect has high business criticality and requires your immediate attention."       
        },

        {
            "spark_job_name": "dpf_email_sender",
			"job_name": "Report_Mail2",
            "queue":"1",
            "job_description": "Send Anomalies as mail with excel attachment",
            "mail_type": "Type-2",
            "mail_type_description": "Mail with excel attachment only",
            "mail_body_src_table": "ds_dashboard.cm_aos_3_report_3_1",
			"mail_attachment_sheets":[
                {
                    "add_account_master":"ds_dashboard.cm_aos_3_report_3_1"
                }, 
                {
                    "agency_fee_report":"ds_dashboard.cm_aos_3_report_3_1"
                }, 
                {
                    "ambit_ns_users":"ds_dashboard.cm_aos_3_report_3_1"
                }
            ],
            "mail_template_path": "email_template/email_template.html",
            "subject": "DC-AOS-03 Framework: Account closures without customer request",
            "to_email": "Sanjana.Krishnan@adib.com;Thaanish.Kurumadaki@adib.com;Karthikeyan.Nethaji@adib.com",
            "cc_email": "Maadhusri.Ulaganathan@adib.com;Smrithi.Sundar@adib.com",
            "department": "AOS",
            "sub_unit": "AOS",
            "criticality": "Low",
            "mail_description": "The below listed accounts do not have entry either in Ethix or BPM system for account closure requests. This defect has high business criticality and requires your immediate attention."       
        },

        {
            "spark_job_name": "dpf_email_sender",
			"job_name": "Report_Mail3",
            "queue":"1",
            "job_description": "Send Anomalies as mail with excel attachment and tabular mail body",
            "mail_type": "Type-3",
            "mail_type_description": "Mail with tabulation in body and excel attachment",
            "mail_body_src_table": "ds_dashboard.cm_aos_3_report_3_1",
			"mail_attachment_sheets":[
                {
                    "add_account_master":"ds_dashboard.cm_aos_3_report_3_1"
                }, 
                {
                    "agency_fee_report":"ds_dashboard.cm_aos_3_report_3_1"
                }, 
                {
                    "ambit_ns_users":"ds_dashboard.cm_aos_3_report_3_1"
                }
            ],
            "mail_template_path": "email_template/email_template.html",
            "subject": "DC-AOS-03 Framework: Account closures without customer request",
            "to_email": "Sanjana.Krishnan@adib.com;Thaanish.Kurumadaki@adib.com;Karthikeyan.Nethaji@adib.com",
            "cc_email": "Maadhusri.Ulaganathan@adib.com;Smrithi.Sundar@adib.com",
            "department": "AOS",
            "sub_unit": "AOS",
            "criticality": "Low",
            "mail_description": "The below listed accounts do not have entry either in Ethix or BPM system for account closure requests. This defect has high business criticality and requires your immediate attention."       
        }
    ],
    "user_specific_email_reports":[
        {
            "spark_job_name": "dpf_user_specific_email_sender",
	        "job_name": "User_Specific_Report_Mail1",
            "queue":"1",
            "job_description": "Send Anomalies as tabular mail body",
            "mail_type": "Type-1",
            "mail_type_description": "Mail with tabulation in body only",
            "mail_body_src_table": "ds_dashboard.cm_aos_3_report_3_1",
	        "user_grouping_columns":{
                "group_by_column": "user_name",
                "to_email_column": "staff_email",
                "cc_email_column": "line_mgr_email"
	        },
            "mail_template_path": "email_template/email_template.html",
            "subject": "USER SPECIFIC EMAIL FRAMEWORK TEST",
            "common_to_email": "Sanjana.Krishnan@adib.com;Thaanish.Kurumadaki@adib.com;Roopika.Nandagopal@adib.com",
            "common_cc_email": "Maadhusri.Ulaganathan@adib.com;Smrithi.Sundar@adib.com",
            "department": "Internal",
            "sub_unit": "Internal",
            "criticality": "Low",
            "mail_description": "The below listed accounts requires your immediate attention."       
        },
        {
            "spark_job_name": "dpf_user_specific_email_sender",
	        "job_name": "User_Specific_Report_Mail2",
            "queue":"2",
            "job_description": "Send Anomalies as mail with excel attachment",
            "mail_type": "Type-2",
            "mail_type_description": "Mail with excel attachment only",
            "mail_body_src_table": "ds_dashboard.cm_aos_3_report_3_1",
	        "user_grouping_columns":{
                "group_by_column": "user_name",
                "to_email_column": "line_mgr_email",
                "cc_email_column": "staff_email"
	        },
            "mail_template_path": "email_template/email_template.html",
            "subject": "USER SPECIFIC EMAIL FRAMEWORK TEST",
            "common_to_email": "Sanjana.Krishnan@adib.com;Thaanish.Kurumadaki@adib.com;Roopika.Nandagopal@adib.com",
            "common_cc_email": "Maadhusri.Ulaganathan@adib.com;Smrithi.Sundar@adib.com",
            "department": "Internal",
            "sub_unit": "Internal",
            "criticality": "Low",
            "mail_description": "The below listed accounts requires your immediate attention."       
        }
    ]
}