{
    "control_variables": {
        "control_number": "cm_aos_control_3",
        "dag_name": "dpf_cm_aos_control_3_dag",
        "run_date": "2025-08-04",
        "log_db": "ds_dashboard",
        "log_table": "dpf_processing_log"
    },
    "sql_jobs": [
        {
            "cde_job_name":"dpf_sql_executor",
            "name": "Preprocess_Job",
            "stages": [
                {
                    "stg_name": "Control_3_Preprocess_Table",
                    "stg_description": "",
                    "order_of_execution": 1,
                    "src_query_file_path": "/app/mount/scripts/pyscripts/sql_scripts/cm_aos_3_1_preprocess.sql",
                    "tgt_owner": "ds_dashboard",
                    "tgt_table": "cm_aos_3_1_preprocess",
                    "tgt_strategy": "Partition_Overwrite",
                    "query_config": {
                        "no_of_past_days": 30,
                        "stand_zone_db": "ds_dashboard",
                        "ds_zone_db": "ds_dashboard" 
                    }
                }
            ]
        },
        {
            "cde_job_name":"dpf_sql_executor",
            "name": "Anomaly_Detect_Job",
            "stages": [
                {
                    "stg_name": "Detect_Anomaly",
                    "stg_description": "",
                    "order_of_execution": 1,
                    "src_query_file_path": "/app/mount/scripts/pyscripts/sql_scripts/cm_aos_3_final_report.sql",
                    "tgt_owner": "ds_dashboard",
                    "tgt_table": "cm_aos_3_1_final_report",
                    "tgt_strategy": "Partition_Overwrite",
                    "query_config":{
                        "no_of_past_days": "NA",
                        "preprocess_table": "cm_aos_3_1_preprocess",
                        "anomaly_table": "cm_aos_3_1_final_report",
                        "stand_zone_db": "ds_dashboard",
                        "ds_zone_db": "ds_dashboard" 
                    }
                }
            ]
        }
    ],
    "normal_email_reports":[
        {
            "cde_job_name": "dpf_email_sender",
			"name": "Report_Mail",
            "description": "Sending anomalies in the email body",
            "mail_type": "Type-1",
            "mail_type_description": "Mail with tabulation in body only ",
            "mail_body_rule_query_file": "/app/mount/scripts/pyscripts/sql_scripts/cm_control_3_rule_query.sql",
			"mail_attachment_sheets":[],
            "query_config": {
                "ds_zone_db": "ds_dashboard"
            },
            "template_root_dir": "/app/mount/scripts/pyscripts/email_template/",
            "mail_template": "email_template.html",
            "email_from_addr": "controlmonitor_cde_dev_alerts@adib.com",
            "subject": "DC-AOS-03 Framework: Account closures without customer request",
            "to_email": "Sanjana.Krishnan@adib.com;Thaanish.Kurumadaki@adib.com;Karthikeyan.Nethaji@adib.com",
            "cc_email": "Maadhusri.Ulaganathan@adib.com;Smrithi.Sundar@adib.com",
            "department": "AOS",
            "sub_unit": "AOS",
            "criticality": "Low",
            "mail_description": "The below listed accounts do not have entry either in Ethix or BPM system for account closure requests. This defect has high business criticality and requires your immediate attention."       
        },

        {
            "cde_job_name": "dpf_email_sender",
			"name": "Report_Mail",
            "description": "Send Anomalies as mail with excel attachment",
            "mail_type": "Type-2",
            "mail_type_description": "Mail with excel attachment only",
            "mail_body_rule_query_file": "",
			"mail_attachment_sheets":[
                {
                    "add_account_master":"/app/mount/scripts/pyscripts/sql_scripts/add_account_master.sql"
                }, 
                {
                    "agency_fee_report":"/app/mount/scripts/pyscripts/sql_scripts/agency_fee_report.sql"
                }, 
                {
                    "ambit_ns_users":"/app/mount/scripts/pyscripts/sql_scripts/ambit_ns_users.sql"
                }
            ],
            "query_config": {
                "ds_zone_db": "ds_dashboard"
            },
            "template_root_dir": "/app/mount/scripts/pyscripts/email_template/",
            "mail_template": "email_template.html",
            "email_from_addr": "controlmonitor_cde_dev_alerts@adib.com",
            "subject": "DC-AOS-03 Framework: Account closures without customer request",
            "to_email": "Sanjana.Krishnan@adib.com;Thaanish.Kurumadaki@adib.com;Karthikeyan.Nethaji@adib.com",
            "cc_email": "Maadhusri.Ulaganathan@adib.com;Smrithi.Sundar@adib.com",
            "department": "AOS",
            "sub_unit": "AOS",
            "criticality": "Low",
            "mail_description": "The below listed accounts do not have entry either in Ethix or BPM system for account closure requests. This defect has high business criticality and requires your immediate attention."       
        },

        {
            "cde_job_name": "dpf_email_sender",
			"name": "Report_Mail",
            "description": "Send Anomalies as mail with excel attachment and tabular mail body",
            "mail_type": "Type-3",
            "mail_type_description": "Mail with tabulation in body and excel attachment",
            "mail_body_rule_query_file": "/app/mount/scripts/pyscripts/sql_scripts/cm_control_3_rule_query.sql",
			"mail_attachment_sheets":[
                {
                    "add_account_master":"/app/mount/scripts/pyscripts/sql_scripts/add_account_master.sql"
                }, 
                {
                    "agency_fee_report":"/app/mount/scripts/pyscripts/sql_scripts/agency_fee_report.sql"
                }, 
                {
                    "ambit_ns_users":"/app/mount/scripts/pyscripts/sql_scripts/ambit_ns_users.sql"
                }
            ],
            "query_config": {
                "ds_zone_db": "ds_dashboard"
            },
            "template_root_dir": "/app/mount/scripts/pyscripts/email_template/",
            "mail_template": "email_template.html",
            "email_from_addr": "controlmonitor_cde_dev_alerts@adib.com",
            "subject": "DC-AOS-03 Framework: Account closures without customer request",
            "to_email": "Sanjana.Krishnan@adib.com;Thaanish.Kurumadaki@adib.com;Karthikeyan.Nethaji@adib.com",
            "cc_email": "Maadhusri.Ulaganathan@adib.com;Smrithi.Sundar@adib.com",
            "department": "AOS",
            "sub_unit": "AOS",
            "criticality": "Low",
            "mail_description": "The below listed accounts do not have entry either in Ethix or BPM system for account closure requests. This defect has high business criticality and requires your immediate attention."       
        }
    ],
    "user_specific_email_reports":[
        {
            "cde_job_name": "dpf_user_specific_email_sender",
	        "name": "User_Specific_Report_Mail",
            "description": "Send Anomalies as tabular mail body",
            "mail_type": "Type-1",
            "mail_type_description": "Mail with tabulation in body only",
            "query_file_path": "/app/mount/scripts/pyscripts/sql_scripts/",
            "query_file_name": "cm_internal_control_2_report.sql",
            "query_config": {
                "ds_zone_db": "ds_dashboard"
            },
	        "user_grouping_columns":{
                "group_by_column": "user_name",
                "to_email_column": "line_mgr_email",
                "cc_email_column": "staff_email"
	        },
            "template_root_dir": "/app/mount/scripts/pyscripts/email_template/",
            "mail_template": "email_template.html",
            "email_from_addr": "controlmonitor_cde_dev_alerts@adib.com",
            "subject": "USER SPECIFIC EMAIL FRAMEWORK TEST",
            "common_to_email": "Sanjana.Krishnan@adib.com;Thaanish.Kurumadaki@adib.com;Roopika.Nandagopal@adib.com",
            "common_cc_email": "Maadhusri.Ulaganathan@adib.com;Smrithi.Sundar@adib.com",
            "department": "Internal",
            "sub_unit": "Internal",
            "criticality": "Low",
            "mail_description": "The below listed accounts requires your immediate attention."       
        },
        {
            "cde_job_name": "dpf_user_specific_email_sender",
	        "name": "User_Specific_Report_Mail",
            "description": "Send Anomalies as mail with excel attachment",
            "mail_type": "Type-2",
            "mail_type_description": "Mail with excel attachment only",
            "query_file_path": "/app/mount/scripts/pyscripts/sql_scripts/",
            "query_file_name": "cm_internal_control_2_report.sql",
            "query_config": {
                "ds_zone_db": "ds_dashboard"
            },
	        "user_grouping_columns":{
                "group_by_column": "user_name",
                "to_email_column": "line_mgr_email",
                "cc_email_column": "staff_email"
	        },
            "template_root_dir": "/app/mount/scripts/pyscripts/email_template/",
            "mail_template": "email_template.html",
            "email_from_addr": "controlmonitor_cde_dev_alerts@adib.com",
            "subject": "USER SPECIFIC EMAIL FRAMEWORK TEST",
            "common_to_email": "Sanjana.Krishnan@adib.com;Thaanish.Kurumadaki@adib.com;Roopika.Nandagopal@adib.com",
            "common_cc_email": "Maadhusri.Ulaganathan@adib.com;Smrithi.Sundar@adib.com",
            "department": "Internal",
            "sub_unit": "Internal",
            "criticality": "Low",
            "mail_description": "The below listed accounts requires your immediate attention."       
        }
    ]
}