{
  "$schema": "http://json-schema.org/draft-07/schema#",
  "title": "SQLJobConfiguration",
  "type": "object",
  "properties": {
    "control_variables": {
      "type": "object",
      "properties": {
        "control_number": { "type": "string" },
        "dag_name": { "type": "string" },
        "run_date": { "type": "string", "format": "date" },
        "log_db": { "type": "string", "enum": ["ds_dashhboard","standardized"] },
        "log_table": { "type": "string" }
      },
      "required": ["control_number", "dag_name", "run_date", "log_db", "log_table"]
    },
    "sql_jobs": {
      "type": "array",
      "items": {
        "type": "object",
        "properties": {
          "cde_job_name": { "type": "string", "enum": ["dpf_sql_executor"]},
          "name": { "type": "string" },
          "stages": {
            "type": "array",
            "items": {
              "type": "object",
              "properties": {
                "stg_name": { "type": "string" },
                "stg_description": { "type": "string" },
                "order_of_execution": { "type": "integer" },
                "src_query_file_path": { "type": "string" },
                "query_file": { "type": "string" },
                "tgt_owner": { "type": "string" },
                "tgt_table": { "type": "string" },
                "tgt_strategy": { "type": "string", "enum": ["Insert_Overwrite", "Partition_Overwrite", "Create_Temp_View"]},
                "query_config": {
                    "type": "object",
                    "properties": {
                        "no_of_past_days": {
                        "anyOf": [
                            { "type": "integer" },
                            {
                            "type": "string",
                            "pattern": "^NA$"
                            }
                        ]
                        }
                    },
                    "required": ["no_of_past_days"],
                    "additionalProperties": true
                    }
              },
              "required": ["stg_name", "stg_description", "order_of_execution", "src_query_file_path", "tgt_owner", "tgt_table", "tgt_strategy", "query_config"]
            }
          }
        },
        "required": ["cde_job_name", "name", "stages"]
      }
    },
    "normal_email_reports": {
            "type": "array",
            "items": {
                "type": "object",
                "properties": {
                    "cde_job_name": {"type": "string", "enum": ["dpf_email_sender"]},
                    "name": {"type": "string"},
                    "description": {"type": "string"},
                    "mail_type": {"type": "string"},
                    "mail_type_description": {"type": "string"},
                    "mail_body_rule_query_file": {"type": "string"},
                    "mail_attachment_sheets": {
                        "type": "array",
                        "items": {
                            "type": "object"
                        }
                    },
                    "query_config": { 
                        "type": "object",
                        "additionalProperties": true
                    },
                    "template_root_dir": {"type": "string"},
                    "mail_template": {"type": "string"},
                    "email_from_addr": {"type": "string"},
                    "subject": {"type": "string"},
                    "to_email": {"type": "string"},
                    "cc_email": {"type": "string" },
                    "department": {"type": "string" },
                    "sub_unit": {"type": "string" },
                    "criticality": {"type": "string" },
                    "mail_description": {"type": "string" }
                },
                "required": [
                    "cde_job_name",
                    "name",
                    "mail_type",
                    "template_root_dir",
                    "mail_template",
                    "email_from_addr",
                    "subject",
                    "to_email",
                    "cc_email",
                    "mail_description"
                ]
            }
        },
        "user_specific_email_reports": {
            "type": "array",
            "items": {
                "type": "object",
                "properties": {
                    "cde_job_name": {"type": "string", "enum": ["dpf_user_specific_email_sender"]},
                    "name": {"type": "string"},
                    "description": {"type": "string"},
                    "mail_type": {"type": "string"},
                    "mail_type_description": {"type": "string"},
                    "query_file_path": {"type": "string"},
                    "query_file_name": {"type": "string"},
                    "query_config": {
                        "type": "object",
                        "additionalProperties": true
                    },
                    "user_grouping_columns": {
                        "type": "object",
                        "properties": {
                            "group_by_column": {
                                "type": "string"
                            },
                            "to_email_column": {
                                "type": "string"
                            },
                            "cc_email_column": {
                                "type": "string"
                            }
                        },
                        "required": [
                            "group_by_column",
                            "to_email_column",
                            "cc_email_column"
                        ]
                    },
                    "template_root_dir": {"type": "string"},
                    "mail_template": {"type": "string"},
                    "email_from_addr": {"type": "string"},
                    "subject": {"type": "string"},
                    "common_to_email": {"type": "string"},
                    "common_cc_email": {"type": "string"},
                    "department": {"type": "string"},
                    "sub_unit": {"type": "string"},
                    "criticality": {"type": "string"},
                    "mail_description": {"type": "string"}
                },
                "required": [
                    "cde_job_name",
                    "mail_type",
                    "query_file_path",
                    "query_file_name",
                    "query_config",
                    "user_grouping_columns",
                    "template_root_dir",
                    "mail_template",
                    "email_from_addr",
                    "subject",
                    "common_to_email",
                    "common_cc_email",
                    "mail_description"
                ]
            }
        }
    },
    "required": [
        "control_variables",
        "sql_jobs",
        "normal_email_reports",
        "user_specific_email_reports"
    ]
}
